{
    "Level_Lines": [],
    "Level_StartPos": [],
    "Level_EndPos": [],
    "Level_Mats": [],
    "Level_ObjectName": [
        "Player(Clone)",
        "Player(Clone)"
    ],
    "Level_ObjPos": [
        {
            "x": -2.7691242694854738,
            "y": 1.4260989427566529
        },
        {
            "x": -0.19383855164051057,
            "y": 1.6753202676773072
        }
    ]
}